{"sentiment_data":{"polarity":{"0":0.07635022294680353,"1":0.08515610745727073,"2":0.09473687300464123,"3":0.0998359572755668,"4":0.10296573329890288,"5":0.10768917220217533,"6":0.10940645144427917,"7":0.11049933459547681,"8":0.10474777102490304,"9":0.1016554426649001,"10":0.10475303674229969,"11":0.10563390830067237,"12":0.1046323234333386,"13":0.10217577304189844,"14":0.10052657033121822,"15":0.10045989087199353,"16":0.09783441306482107,"17":0.10074729537506008,"18":0.09957269301379465,"19":0.1052089947023961,"20":0.08570491658662309,"21":0.07868420138070428,"22":0.0720466202334875,"23":0.06702084324097884,"24":0.06634198107190983,"25":0.06757060920160123,"26":0.06799884021528442,"27":0.06722570624368292,"28":0.06762217554756512,"29":0.0673698315574747,"30":0.0673883258233446,"31":0.06705342694731589,"32":0.06705804758429071,"33":0.0666165791448601,"34":0.0666368679317658,"35":0.0666141980059352,"36":0.06647262553018748,"37":0.06644604698195959,"38":0.06667139954878178,"39":0.0656681421601724,"40":0.06588015196584686,"41":0.0658668318596853,"42":0.0666745876820068,"43":0.0668696838806334,"44":0.0666590257650988,"45":0.06759790289018862,"46":0.06747230468416669,"47":0.06800002531952273,"48":0.06889680464683935,"49":0.06853372307213923,"50":0.06886589525514998,"51":0.06723544044945005,"52":0.07182118401291135,"53":0.07160655294603734,"54":0.08941777121158705,"55":0.10183979828113268,"56":0.10369792392169151,"57":0.101419629409285,"58":0.10149207608872061,"59":0.10366253403865233,"60":0.10476824092704308,"61":0,"62":0.10525658313826722,"63":0.10645501690772954},"subjectivity":{"0":0.4184972026460521,"1":0.4228712982996295,"2":0.4287768982986878,"3":0.43064587620721834,"4":0.42889957477576973,"5":0.4236850062346941,"6":0.4205540385560155,"7":0.41830446262466275,"8":0.4161389209453431,"9":0.41300077981086847,"10":0.41291263542345347,"11":0.4108780395692064,"12":0.4076050716667201,"13":0.408286821721563,"14":0.4072202771213765,"15":0.4065523367433902,"16":0.4053564699817627,"17":0.40557156187527327,"18":0.40185047174646743,"19":0.4010031572596322,"20":0.3957352657506025,"21":0.38901740162653475,"22":0.38535512576983044,"23":0.3853996460490536,"24":0.3845402733257849,"25":0.38455395636442885,"26":0.3851273431984173,"27":0.3856524721255196,"28":0.38563342566585596,"29":0.3854295473722882,"30":0.3853702016362922,"31":0.38555599701942156,"32":0.3855865190650723,"33":0.38442190620302463,"34":0.3826735153237718,"35":0.3817789126690217,"36":0.3818662275891369,"37":0.38121455498233764,"38":0.3816070383718723,"39":0.380845979382847,"40":0.38185267034246073,"41":0.3806624592118964,"42":0.38233207340173264,"43":0.38589633439817445,"44":0.38704288108250673,"45":0.3872037912602699,"46":0.3871614212079475,"47":0.3873612295124616,"48":0.38760051765842846,"49":0.3883132689395436,"50":0.389410016753143,"51":0.38961272473171965,"52":0.39041131882697316,"53":0.39505118814431694,"54":0.4038482735001886,"55":0.4048991781622862,"56":0.4054505307647059,"57":0.4085178049925386,"58":0.4089572838013001,"59":0.40738735685620586,"60":0.40686760648827613,"61":0,"62":0.4075687495766037,"63":0.40807465512432556}},"twitterData":[["arizona-cardinals","atlanta-falcons","baltimore-ravens","buffalo-bills","carolina-panthers","chicago-bears","cincinnati-bengals","cleveland-browns","dallas-cowboys","denver-broncos","detroit-lions","green-bay-packers","houston-texans","indianapolis-colts","jacksonville-jaguars","kansas-city-chiefs","las-vegas-raiders","los-angeles-chargers","miami-dolphins","minnesota-vikings","new-england-patriots","new-orleans-saints","new-york-giants","new-york-jets","philadelphia-eagles","pittsburgh-steelers","san-francisco-49ers","seattle-seahawks","tampa-bay-buccaneers","tennessee-titans","washington-commanders"],[0.6810626314866228,1.3902171890095238,1.6541053748339416,1.5377170188149916,0.9539595096137587,1.1207182423330495,1.2089222221558795,1.1898481708869013,1.3900454048078033,1.6215455888152062,0.8408891247491184,1.0197885156864923,0.6622526506276484,0.9484610868371346,1.0260538358056974,1.5973713623838166,1.0514017225324743,1.1631407758569745,1.5996528421064418,1.4558918689574922,0.5922383440596806,1.0107990974077952,1.2807925227913355,0.8376208586535461,1.1738424239758345,1.3618358438202631,1.393911572322323,1.2898533316844636,0.9962854255691643,1.6667863654836275,1.3555854665954195]],"redditData":[["arizona-cardinals","atlanta-falcons","baltimore-ravens","buffalo-bills","carolina-panthers","chicago-bears","cincinnati-bengals","cleveland-browns","dallas-cowboys","denver-broncos","detroit-lions","green-bay-packers","houston-texans","indianapolis-colts","jacksonville-jaguars","kansas-city-chiefs","las-vegas-raiders","los-angeles-chargers","miami-dolphins","minnesota-vikings","new-england-patriots","new-orleans-saints","new-york-giants","new-york-jets","philadelphia-eagles","pittsburgh-steelers","san-francisco-49ers","seattle-seahawks","tampa-bay-buccaneers","tennessee-titans","washington-commanders"],[7.0888961729214195,7.522110454112591,8.006139505827427,6.67152580720972,7.871279309902125,7.2671743321600175,7.023603008621655,6.955132345239673,6.628141006069757,7.104231101941702,7.178456050593288,7.13783561647975,7.709585515501807,7.162464468746705,7.477002357031104,7.367420024432139,3.5768940857376483,6.80782255474907,7.369262590354695,7.081147344970738,7.7180562902459915,6.948829394758185,7.341959035306919,7.713680285641271,7.109822979505683,7.03636922323806,7.07251654039988,6.879219136871635,7.012304121127497,6.653566283022505,6.819628676593863]],"new_sentiment_data":[{"polarity":{"0":0,"1":-0.03240740740740741,"2":-0.004012129319894474,"3":-0.015736501153167822,"4":0.032160985176715694,"5":0.045047982529752784,"6":0.046603359609133324,"7":0.04204784186401834,"8":0.040475679980396966,"9":0.021186540731995277,"10":0.02284198540275154,"11":0.02681231198180351},"subjectivity":{"0":0,"1":0.09143518518518517,"2":0.2675524705022811,"3":0.30045617962284626,"4":0.23331562480450746,"5":0.22769695819667915,"6":0.22263378871800632,"7":0.2174899242913949,"8":0.20935801183442695,"9":0.2181759149940968,"10":0.21343739325736344,"11":0.21185890380805636}},{"polarity":{"0":-0.10555571070659019,"1":0.07950456410290893,"2":0.07547174752858879,"3":0.0636427806326727,"4":0.05420339756340383,"5":0.050017500211776283,"6":0.05130436088776054,"7":0.04451332896423352,"8":0.04276416504599895,"9":0.03952350491853906,"10":0.037327467005417544,"11":0.036968841192165,"12":0.03627668821699667,"13":0.036331513268032245},"subjectivity":{"0":0.344686223086634,"1":0.274669198980627,"2":0.29271354589528903,"3":0.2915278913107659,"4":0.2983848903156286,"5":0.2949640685986396,"6":0.28463684103857867,"7":0.288534999147973,"8":0.28683605093535847,"9":0.28671656650408434,"10":0.28855435428295545,"11":0.2850457189448166,"12":0.2842312723377134,"13":0.2846943448503502}},{"polarity":{"0":0.21990079365079365,"1":0.06215212440230362,"2":0.07126248723294831,"3":0.07442834111674146,"4":0.08436231702252013,"5":0.09022259619661445,"6":0.07685872340617758,"7":0.08704989777880118,"8":0.09351714694955826,"9":0.09313305045224564,"10":0.09641566996422997,"11":0.09822864297498161,"12":0.10203135939503111,"13":0.10422808758528986},"subjectivity":{"0":0.42870842781557067,"1":0.3935541750963448,"2":0.3810693926371288,"3":0.3554337661070924,"4":0.3371816158610751,"5":0.3348587347114056,"6":0.3331481988309872,"7":0.3432095083373701,"8":0.3373276075826279,"9":0.33472924179630376,"10":0.3321782380680824,"11":0.3306148152135066,"12":0.33201423531034985,"13":0.33607434570878525}}],"frequency_data":{"frequency":{"0":385.2,"1":376.42857142857144,"2":372.42857142857144,"3":358.8,"4":365.6904761904762,"5":360.125,"6":342,"7":330.0952380952381,"8":358.8243243243243,"9":418.3809523809524,"10":457.35483870967744,"11":485.6857142857143,"12":516.9444444444445,"13":536,"14":537.3333333333334,"15":535.75,"16":541.1666666666666,"17":549.9285714285714,"18":556.9333333333333,"19":575.3783783783783,"20":843.4990512333966,